,caption,likes,comments,date,url,likes/followers,comments/followers,username
0,"üëÄüëÄüëÄ‚Ä¶ü•£üßã
New drink anyone?

#boba #bubbletea #bobagang #KFT #milktea #bobabesties #americasbubbletea #bobamilktea #bobatea #bobalife #bobaaddict #bobarista #bobatime #bubbletealover #bubbleteatime",1183,15,2024-02-17T18:00:25,https://scontent-bos5-1.cdninstagram.com/v/t39.30808-6/428627034_799487848875812_2385044735053402427_n.jpg?stp=dst-jpg_e15&efg=eyJ2ZW5jb2RlX3RhZyI6ImltYWdlX3VybGdlbi4xMDgweDEwODAuc2RyIn0&_nc_ht=scontent-bos5-1.cdninstagram.com&_nc_cat=108&_nc_ohc=t85-Hy5lDuYAX-nqQCu&edm=ALQROFkAAAAA&ccb=7-5&ig_cache_key=MzMwNDg4MzQxMzc5MTgzNDg0NA%3D%3D.2-ccb7-5&oh=00_AfB1B9oYkJi7qDP4bIzTijh7eVgspEVrl5LQuO6U1CpH3w&oe=65D580DB&_nc_sid=fc8dfb,0.0028964217072483993,3.672554996511073e-05,kungfuteausa
1,"Still feelin' the love today üòç

#boba #bubbletea #bobagang #KFT #milktea #bobabesties #americasbubbletea #bobamilktea #bobatea #bobalife #bobaaddict #bobarista #bobatime #bubbletealover #bubbleteatime",1981,12,2024-02-15T22:30:12,https://scontent-bos5-1.cdninstagram.com/v/t39.30808-6/426544316_798804845610779_2156078813482569092_n.jpg?stp=dst-jpg_e15&efg=eyJ2ZW5jb2RlX3RhZyI6ImltYWdlX3VybGdlbi4xMDgweDEwODAuc2RyIn0&_nc_ht=scontent-bos5-1.cdninstagram.com&_nc_cat=111&_nc_ohc=wuzrUPkPCGgAX_YybNJ&edm=ALQROFkAAAAA&ccb=7-5&ig_cache_key=MzMwMzU2OTY0ODIyNDM4MDkzMA%3D%3D.2-ccb7-5&oh=00_AfBv-HbY8mkgsVtXxvn1eEROyCh-lKHqxkvPAv9jQVOLow&oe=65D551FA&_nc_sid=fc8dfb,0.00485022096539229,2.938043997208858e-05,kungfuteausa
2,"Roses are red, violets are blue, here's a boba-themed crossword puzzle for you üòç
Check out our stories tomorrow for the answer key!

#boba #bubbletea #bobagang #KFT #milktea #bobabesties #americasbubbletea #bobamilktea #bobatea #bobalife #bobaaddict #bobarista #bobatime #bubbletealover #bubbleteatime",719,8,2024-02-14T22:01:54,https://scontent-bos5-1.cdninstagram.com/v/t39.30808-6/428297736_798115689013028_3305524514014153118_n.jpg?stp=dst-jpg_e15&efg=eyJ2ZW5jb2RlX3RhZyI6ImltYWdlX3VybGdlbi4xNTQ1eDE5MzEuc2RyIn0&_nc_ht=scontent-bos5-1.cdninstagram.com&_nc_cat=108&_nc_ohc=cWtHabYP1ToAX9OVnSk&edm=ALQROFkAAAAA&ccb=7-5&ig_cache_key=MzMwMjgzMDYyOTMyNDgzNDY3NA%3D%3D.2-ccb7-5&oh=00_AfCkKU_imX2QX9CbtEpy49TH5ZC3QGmhFnHpUZ1K1204TA&oe=65D6E8B2&_nc_sid=fc8dfb,0.001760378028327641,1.9586959981392388e-05,kungfuteausa
3,"We‚Äôre sharing our boba love this Valentine‚Äôs Day üßãüòç

TODAY ONLY, buy one of our Miraculous Series drinks and get a second free when you order on the KFT App üì≤

#KungFuTeaxMiraculous #miraculousladybug #Miraculous #kft #Ladybug #kftpartner #kungfuteacollab #CatNoir #CocoaCataclysm #SpotsOnLemonade #miraculousdrink #kungfutea #boba #bubbletea #americasbubbletea",2851,18,2024-02-14T14:55:18,https://scontent-bos5-1.cdninstagram.com/v/t39.30808-6/428161130_797874162370514_4901401563411304657_n.jpg?stp=dst-jpg_e15&efg=eyJ2ZW5jb2RlX3RhZyI6ImltYWdlX3VybGdlbi4yMDQ2eDIwNDguc2RyIn0&_nc_ht=scontent-bos5-1.cdninstagram.com&_nc_cat=102&_nc_ohc=G-nqtQ0grn8AX8fKUg4&edm=ALQROFkAAAAA&ccb=7-5&ig_cache_key=MzMwMjYxNTkxMDI2OTU5NDQ0OA%3D%3D.2-ccb7-5&oh=00_AfD3J_jZ-IBkROErYNIonUly80GkZXJz0Rzf4tfeTpHHlw&oe=65D4FB85&_nc_sid=fc8dfb,0.006980302863368712,4.407065995813287e-05,kungfuteausa
4,"Our Dragon Boba Buddy Plush is SOLD OUT! 
Thank you to everyone who placed an order üòç

Fear not! You can still get your hands on our Boba Buddy Keychains ü•π
Snag yours before they sell out!

#boba #bubbletea #bobagang #KFT #milktea #bobabesties #americasbubbletea #bobamilktea #bobatea #bobalife #bobaaddict #bobarista #bobatime #bubbletealover",772,9,2024-02-13T22:41:21,https://scontent-bos5-1.cdninstagram.com/v/t39.30808-6/428012755_797438952414035_2538808661785733213_n.jpg?stp=dst-jpg_e35_s1080x1080_sh0.08&_nc_ht=scontent-bos5-1.cdninstagram.com&_nc_cat=111&_nc_ohc=99iLQA5z0tcAX-1-3rU&edm=APU89FAAAAAA&ccb=7-5&oh=00_AfBFVA2m4lZLFYOXOElwuuRuyJZiRAnfo03rNHpV3KfULQ&oe=65D6D099&_nc_sid=bc0c2c,0.0018901416382043654,2.2035329979066436e-05,kungfuteausa
5,"Got a special rose ready for a special someone?
Pair it with a bouquet of boba inspired by our favorite star-crossed heroes üòç

#KungFuTeaxMiraculous #miraculousladybug #Miraculous #kft #Ladybug #kftpartner #kungfuteacollab 
#CatNoir #CocoaCataclysm #SpotsOnLemonade #miraculousdrink #kungfutea #boba #bubbletea #americasbubbletea",2045,31,2024-02-13T18:00:47,https://scontent-bos5-1.cdninstagram.com/v/t39.30808-6/428058409_797318182426112_2050131869493891711_n.jpg?stp=dst-jpg_e15&efg=eyJ2ZW5jb2RlX3RhZyI6ImltYWdlX3VybGdlbi4yMDQ4eDIwNDguc2RyIn0&_nc_ht=scontent-bos5-1.cdninstagram.com&_nc_cat=108&_nc_ohc=bPYpKQunOP4AX9iwkfN&edm=ALQROFkAAAAA&ccb=7-5&ig_cache_key=MzMwMTk4NDQ4ODAyNjU0NDM0Mg%3D%3D.2-ccb7-5&oh=00_AfBNnGvMgRfBmjaEps-SYAlfK3ptLXpYVDte9nWmMyHsZA&oe=65D6720E&_nc_sid=fc8dfb,0.005006916645243429,7.58994699278955e-05,kungfuteausa
6,"üêâ Year of the Dragon = Dragon Boba Buddy Plushie üêâ
Our Plushies are in stock! 
Bring home your new Boba Buddy by using the link in our bio today üë©‚Äçüíª

#boba #bubbletea #bobagang #KFT #milktea #bobabesties #americasbubbletea #bobamilktea #bobatea #bobalife #bobaaddict #bobarista #bobatime #bubbletealover #bubbleteatime",1561,8,2024-02-10T20:30:09,https://scontent-bos5-1.cdninstagram.com/v/t39.30808-6/426693216_794875196003744_6629809411361195791_n.jpg?stp=dst-jpg_e15&efg=eyJ2ZW5jb2RlX3RhZyI6ImltYWdlX3VybGdlbi4yMDQ4eDIwNDguc2RyIn0&_nc_ht=scontent-bos5-1.cdninstagram.com&_nc_cat=108&_nc_ohc=XRfyzvbViKUAX-SVZqJ&edm=ALQROFkAAAAA&ccb=7-5&ig_cache_key=MzI5OTg4NTMzODY2NjYzMTkyNg%3D%3D.2-ccb7-5&oh=00_AfDzMP5D-tb13eLO63FJwWtEoe3gjUvutJyfhgFhkSIWqg&oe=65D677CF&_nc_sid=fc8dfb,0.00382190556636919,1.9586959981392388e-05,kungfuteausa
7,"HAPPY YEAR OF THE DRAGON üêâ
Celebrate with Kung Fu Tea and pick up a bag of Dragon Pop for 50% off when you order through our app üì≤

#boba #bubbletea #bobagang #KFT #milktea #bobabesties #americasbubbletea #bobamilktea #bobatea #bobalife #bobaaddict #bobarista #bobatime #bubbletealover #bubbleteatime",458,2,2024-02-10T15:00:32,https://scontent-bos5-1.cdninstagram.com/v/t39.30808-6/426831178_794872839337313_5823775637769983807_n.jpg?stp=dst-jpg_e15&efg=eyJ2ZW5jb2RlX3RhZyI6ImltYWdlX3VybGdlbi4xMDgweDEwODAuc2RyIn0&_nc_ht=scontent-bos5-1.cdninstagram.com&_nc_cat=105&_nc_ohc=MBiU3okg2aQAX8BSPtL&edm=ALQROFkAAAAA&ccb=7-5&ig_cache_key=MzI5OTcxOTQ0MDE4Mjc2NDE2Mw%3D%3D.2-ccb7-5&oh=00_AfATy-KwUJVMrAG6ztsGqbrbzOiaeLzrRb1JyP29r5mtgg&oe=65D529E4&_nc_sid=fc8dfb,0.0011213534589347143,4.896739995348097e-06,kungfuteausa
8,"Still looking for that perfect fuel for the big game?
Take advantage of this limited time catering special! 

#tkk #tkkfriedchicken #sauce #dippingsauce #TKKxKFT #kungfutea #bubbletea #mashup #combo #perfectpair #friedchicken #crispy #tenders #curlyfries #milktea #tkkxkft #chickenxboba",738,3,2024-02-09T21:34:11,https://scontent-bos5-1.cdninstagram.com/v/t51.2885-15/426374432_914955517039345_3981003346666790251_n.jpg?stp=dst-jpg_e35&efg=eyJ2ZW5jb2RlX3RhZyI6ImltYWdlX3VybGdlbi4xMDc5eDEwNzkuc2RyIn0&_nc_ht=scontent-bos5-1.cdninstagram.com&_nc_cat=101&_nc_ohc=H4LPl0o4zDYAX8Xxp_J&edm=ALQROFkBAAAA&ccb=7-5&ig_cache_key=MzI5OTE5MjgwMjE2Nzk0NzQ1OQ%3D%3D.2-ccb7-5&oh=00_AfBoBdKpTegpQ0IMvA5pODpNi9Lg1P4qqoOm5g8TfaGZuA&oe=65D500F0&_nc_sid=fc8dfb,0.0018068970582834477,7.345109993022145e-06,kungfuteausa
9,"What‚Äôs gonna be in your boba bouquet this Valentine‚Äôs Day? 

#boba #bubbletea #bobagang #KFT #milktea #bobabesties #americasbubbletea #bobamilktea #bobatea #bobalife #bobaaddict #bobarista #bobatime #bubbletealover #bubbleteatime",2013,11,2024-02-08T22:30:23,https://scontent-bos5-1.cdninstagram.com/v/t39.30808-6/426613545_794200082737922_6967723740856062906_n.jpg?stp=dst-jpg_e15&efg=eyJ2ZW5jb2RlX3RhZyI6ImltYWdlX3VybGdlbi4xMDgweDEwODAuc2RyIn0&_nc_ht=scontent-bos5-1.cdninstagram.com&_nc_cat=102&_nc_ohc=8lwpEGj7_twAX8kE3ou&edm=ALQROFkAAAAA&ccb=7-5&ig_cache_key=MzI5ODQ5NjMxMTIwMjc4MjM1Mg%3D%3D.2-ccb7-5&oh=00_AfByuof89ujCVMHJV035GXFikknCH8gpjX2oWi3lWEEn_g&oe=65D6C5C5&_nc_sid=fc8dfb,0.00492856880531786,2.6932069974414533e-05,kungfuteausa
10,"She‚Äôs an icon, she‚Äôs a legend, and she is the moment üíÖ We can‚Äôt stop dreaming about our new Strawberry Almond series!! üòç Which are you dying to try first?? üçìüßãüíó

üçì Strawberry Almond Jelly Smoothie | layers of almond jelly, strawberry jam and milk foam topped with a strawberry green tea smoothie blend

ü•õ Strawberry Almond Jelly Milk Tea | iced strawberry milk tea poured over creamy almond jelly and strawberry jam, and topped with milk foam

Available now through February 29!! üçì‚òÅÔ∏è

#gongcha #gongchatea #brewinghappiness #bubbletea #milktea #bubbletealover #bubbleteatime #bubbleteaaddict #boba #bobalife #bestboba #bobaislife #bobatea #bobateahouse #bobatime #bobamilktea",8060,42,2024-01-05T15:20:07,https://scontent-bos5-1.cdninstagram.com/v/t51.2885-15/416540108_24413431908302466_8402514387857483608_n.jpg?stp=dst-jpg_e35&efg=eyJ2ZW5jb2RlX3RhZyI6ImltYWdlX3VybGdlbi4xMDgweDEwODAuc2RyIn0&_nc_ht=scontent-bos5-1.cdninstagram.com&_nc_cat=106&_nc_ohc=XoQdIs0qFQoAX__NbDo&edm=ALQROFkBAAAA&ccb=7-5&ig_cache_key=MzI3MzYzNzM0ODQ1NjgzMjg5OQ%3D%3D.2-ccb7-5&oh=00_AfC8iSWWTcn58Kf26ls7OFypl5Co7QJpq_ZRsjZwk7K62w&oe=65D54F64&_nc_sid=fc8dfb,0.18531291672414585,0.0009656504345426955,gongchatea
11,"idc if you‚Äôre single or taken, you deserve a little treat this valentine‚Äôs day üíó our new, limited-time heart bottles are the absolute perfect way to manifest love for yourself or share the love with a special someone!! ü´∂

order the heart bottle filled with your drink of choice for just $2 extra while supplies last!! üíò

#gongcha #gongchatea #brewinghappiness #bubbletea #milktea #bubbletealover #bubbleteatime #bubbleteaaddict #boba #bobalife #bestboba #bobaislife #bobatea #bobateahouse #bobatime #bobamilktea #valentines",9316,31,2024-02-14T13:44:06,https://scontent-bos5-1.cdninstagram.com/v/t51.2885-15/427487484_675364774557566_1670445655307976712_n.jpg?stp=dst-jpg_e35&efg=eyJ2ZW5jb2RlX3RhZyI6ImltYWdlX3VybGdlbi4xMDgweDEwODAuc2RyIn0&_nc_ht=scontent-bos5-1.cdninstagram.com&_nc_cat=102&_nc_ohc=JluwsGMEOngAX8NAphX&edm=ALQROFkBAAAA&ccb=7-5&ig_cache_key=MzMwMjU4MDA0NzIzNDgxMTUxOQ%3D%3D.2-ccb7-5&oh=00_AfC5U0PtpLiYkX4eA1CM2AMzBf9yicNY2FAuu3O9hb7-JA&oe=65D691A6&_nc_sid=fc8dfb,0.21419046305237505,0.000712741987400561,gongchatea
12,"Happy Galentine‚Äôs Day!! ü•∞üíñüßãüíò There‚Äôs obviously no better way to celebrate than by sharing a Mega Mug at Gong cha with your bes-teas!! ü•≤ü´∂ Run to your nearest Gong cha to get a limited-edition Mega Mug with any $20 purchase!! ‚ù§Ô∏è Hurry in as each store has an extremely limited supply!! üßã

For our bes-teas in the northeast, we‚Äôre wishing you a cozy and safe snow day ‚ùÑÔ∏è Don‚Äôt worry, any Gong cha locations that are closed today due to weather will celebrate Galentine‚Äôs Day with these Mega Mugs when they reopen!! Please call your local store to confirm üíó

*Available at participating locations in the following states: CO, CT, DC, FL, GA, IL, LA, MA, MD, MI, NC, NH, NJ, NY, OK, PA, RI, SC, TX, VA

#gongcha #gongchatea #brewinghappiness #bubbletea #milktea #bubbletealover #bubbleteatime #bubbleteaaddict #boba #bobalife #bestboba #bobaislife #bobatea #bobateahouse #bobatime #bobamilktea #galentinesday",4585,30,2024-02-13T13:37:06,https://scontent-bos5-1.cdninstagram.com/v/t51.2885-15/427015689_361619513419679_5731792073001066288_n.jpg?stp=dst-jpg_e35&efg=eyJ2ZW5jb2RlX3RhZyI6ImltYWdlX3VybGdlbi4xNDQweDE0NDAuc2RyIn0&_nc_ht=scontent-bos5-1.cdninstagram.com&_nc_cat=111&_nc_ohc=H-MPG7UkF2AAX-D9EPf&edm=ALQROFkBAAAA&ccb=7-5&ig_cache_key=MzMwMTg1MTc0Nzg4NTE5Nzk2Nw%3D%3D.2-ccb7-5&oh=00_AfD33iRjPQ8FBZLpGsDcZ-BxpJk2txSZAIzHDG9tonVDQQ&oe=65D6555B&_nc_sid=fc8dfb,0.10541683910424426,0.0006897503103876397,gongchatea
13,"IYKYK üëÄ This Tuesday, February 13th, is the Galentine‚Äôs Mega Mug drop you‚Äôve all been waiting for!! Run don‚Äôt walk to your nearest Gong cha for the ~EXTREMELY LIMITED~ Galentine‚Äôs edition Mega Mug üßãüíïüèÉ

Spend $20 at your local Gong cha and get a Mega Mug with purchase on 2/13 while supplies last*!! üíñ

*Available at participating locations in the following states: CO, CT, DC, FL, GA, IL, LA, MA, MD, MI, NC, NH, NJ, NY, OK, PA, RI, SC, TX, VA

#gongcha #gongchatea #brewinghappiness #bubbletea #milktea #bubbletealover #bubbleteatime #bubbleteaaddict #boba #bobalife #bestboba #bobaislife #bobatea #bobateahouse #bobatime #bobamilktea #galentinesday",5862,39,2024-02-11T13:04:04,https://scontent-bos5-1.cdninstagram.com/v/t51.2885-15/426126140_1137974197211762_6356831233785369474_n.jpg?stp=dst-jpg_e35&efg=eyJ2ZW5jb2RlX3RhZyI6ImltYWdlX3VybGdlbi4xMDgweDEzNTAuc2RyIn0&_nc_ht=scontent-bos5-1.cdninstagram.com&_nc_cat=102&_nc_ohc=g3D8KtV2VQEAX9cJOz4&edm=ALQROFkBAAAA&ccb=7-5&ig_cache_key=MzMwMDM4NTU3NzU2NjgyNzk2NQ%3D%3D.2-ccb7-5&oh=00_AfCvi185pY-wn_hNNpUgFnLF-UiadSpqFPaUlUGiJI-yWQ&oe=65D69B8C&_nc_sid=fc8dfb,0.1347772106497448,0.0008966754035039315,gongchatea
14,"Welcoming in the Year of the Dragon!! üêâüßß We‚Äôre wishing everyone good fortune and abundance this Lunar New Year. Stay tuned for special surprise coming tomorrow! üëÄüïπÔ∏è

What are your Lunar New Year traditions? üèÆ

#gongcha #gongchatea #brewinghappiness #bubbletea #milktea #bubbletealover #bubbleteatime #bubbleteaaddict #boba #bobalife #bestboba #bobaislife #bobatea #bobateahouse #bobatime #bobamilktea #lunarnewyear #yearofthedragon",3993,14,2024-02-09T18:25:06,https://scontent-bos5-1.cdninstagram.com/v/t51.2885-15/426463456_1654716258393290_5947502813079022460_n.jpg?stp=dst-jpg_e35&efg=eyJ2ZW5jb2RlX3RhZyI6ImltYWdlX3VybGdlbi4xMDgweDEwODAuc2RyIn0&_nc_ht=scontent-bos5-1.cdninstagram.com&_nc_cat=102&_nc_ohc=t4riqhafhM0AX-ioEq7&edm=ALQROFkBAAAA&ccb=7-5&ig_cache_key=MzI5OTA5NzYxMTQzOTc0MTc0Mg%3D%3D.2-ccb7-5&oh=00_AfC3TnwWtLlCpHiL4LeypEodyErgwjnKg4Q_-IjVkHiB1Q&oe=65D6D5AB&_nc_sid=fc8dfb,0.09180576631259484,0.0003218834781808985,gongchatea
15,"we made these for you <3

#gongcha #gongchatea #brewinghappiness #bubbletea #milktea #bubbletealover #bubbleteatime #bubbleteaaddict #boba #bobalife #bestboba #bobaislife #bobatea #bobateahouse #bobatime #bobamilktea #valentine #valentines #valentinescard #valentinesmeme #valentinesday",6692,36,2024-02-08T15:10:17,https://scontent-bos5-1.cdninstagram.com/v/t51.2885-15/426179451_701696925457538_1993134934308965857_n.jpg?stp=dst-jpg_e35&_nc_ht=scontent-bos5-1.cdninstagram.com&_nc_cat=102&_nc_ohc=DidoYTikJZUAX_onNp0&edm=APU89FABAAAA&ccb=7-5&oh=00_AfDtnrwqY0qU7r0DtzOoBdOkXKmBnssADUkgCeHXmuWfiw&oe=65D50BF4&_nc_sid=bc0c2c,0.15386030257046948,0.0008277003724651677,gongchatea
16,"show yourself a little love!! what‚Äôs in your self-care starter pack?? üíñ 

#gongcha #gongchatea #brewinghappiness #bubbletea #milktea #bubbletealover #bubbleteatime #bubbleteaaddict #boba #bobalife #bestboba #bobaislife #bobatea #bobateahouse #bobatime #bobamilktea #valentine #valentines #valentinesday",7444,24,2024-02-07T14:36:03,https://scontent-bos5-1.cdninstagram.com/v/t51.2885-15/425912667_1842300666241072_7501935886762463267_n.jpg?stp=dst-jpg_e35&efg=eyJ2ZW5jb2RlX3RhZyI6ImltYWdlX3VybGdlbi4xMDgweDEwODAuc2RyIn0&_nc_ht=scontent-bos5-1.cdninstagram.com&_nc_cat=104&_nc_ohc=eBe0jKeDfzQAX8wUzkX&edm=ALQROFkBAAAA&ccb=7-5&ig_cache_key=MzI5NzUzMjc4NDU1NjYyOTE5OA%3D%3D.2-ccb7-5&oh=00_AfDYOucfimt0lgupo_yr-tpq06GoCzxkVRteDyX2fFllcA&oe=65D611AC&_nc_sid=fc8dfb,0.17115004368418632,0.0005518002483101117,gongchatea
17,"gather up your girlies bc something mega is coming this galentine‚Äôs day üíñ‚ù§Ô∏èüßã one day only üíò  2.13.24

#gongcha #gongchatea #brewinghappiness #bubbletea #milktea #bubbletealover #bubbleteatime #bubbleteaaddict #boba #bobalife #bestboba #bobaislife #bobatea #bobateahouse #bobatime #bobamilktea #galentinesday",6327,70,2024-02-05T15:13:05,https://scontent-bos5-1.cdninstagram.com/v/t51.2885-15/424926449_24688901680725544_2602323616303442977_n.jpg?stp=dst-jpg_e35&efg=eyJ2ZW5jb2RlX3RhZyI6ImltYWdlX3VybGdlbi4xNDQweDE0NDAuc2RyIn0&_nc_ht=scontent-bos5-1.cdninstagram.com&_nc_cat=104&_nc_ohc=YkVO23T0ZqYAX8eDoFd&edm=ALQROFkBAAAA&ccb=7-5&ig_cache_key=MzI5NjEwMTg2Nzk5MjUzNzg2MQ%3D%3D.2-ccb7-5&oh=00_AfARdygzSK1kRtodQkzydxNq66DY2TqF9pgcc7I-7rhGqA&oe=65D574B2&_nc_sid=fc8dfb,0.14546834046075321,0.0016094173909044925,gongchatea
18,"flowers and chocolates for valentine‚Äôs day? out. flowers in our strawberry almond jelly milk tea for vday? in.üßãüåπüíòüçìüíù

p.s. it‚Äôs even better in a heart-shaped bottle üíñüëÄ

#gongcha #gongchatea #brewinghappiness #bubbletea #milktea #bubbletealover #bubbleteatime #bubbleteaaddict #boba #bobalife #bestboba #bobaislife #bobatea #bobateahouse #bobatime #bobamilktea #valentine #valentines #galentinesday",603,2,2024-02-03T14:30:09,https://scontent-bos5-1.cdninstagram.com/v/t51.2885-15/424563250_743851064358816_617738699473622965_n.jpg?stp=dst-jpg_e35&efg=eyJ2ZW5jb2RlX3RhZyI6ImltYWdlX3VybGdlbi4xMDgweDEwODAuc2RyIn0&_nc_ht=scontent-bos5-1.cdninstagram.com&_nc_cat=100&_nc_ohc=RsA6MMFpRd4AX_-69le&edm=ALQROFkBAAAA&ccb=7-5&ig_cache_key=MzI5NDYzMDY5NzI3NTg2MDYzMA%3D%3D.2-ccb7-5&oh=00_AfDxkgxVD0Zw2Jf2qqctqOZ2XFVBTG6BzSmifS57rGXBFQ&oe=65D5A221&_nc_sid=fc8dfb,0.013863981238791557,4.598335402584265e-05,gongchatea
19,"the month of love has entered the chat!! üíï we‚Äôre in our self-love era, which means manifesting all the joy, confidence, friendship, and dreams our hearts desire (plus lots of bubble tea) ü´∂ what are you manifesting to show yourself love and self care this month?

starting on valentine‚Äôs day, february 14th, stop by your local gong cha to get a limited-edition heart-shaped bottle üíóüßãüí´

#gongcha #gongchatea #brewinghappiness #bubbletea #milktea #bubbletealover #bubbleteatime #bubbleteaaddict #boba #bobalife #bestboba #bobaislife #bobatea #bobateahouse #bobatim",8183,47,2024-02-01T15:11:05,https://scontent-bos5-1.cdninstagram.com/v/t51.2885-15/424577082_764673021691018_6846556845935673828_n.jpg?stp=dst-jpg_e35&efg=eyJ2ZW5jb2RlX3RhZyI6ImltYWdlX3VybGdlbi4xMDgweDEwODAuc2RyIn0&_nc_ht=scontent-bos5-1.cdninstagram.com&_nc_cat=110&_nc_ohc=R124Togc7ooAX-i3pFa&edm=ALQROFkBAAAA&ccb=7-5&ig_cache_key=MzI5MzIwMTc1MTMzODAxMTM0Ng%3D%3D.2-ccb7-5&oh=00_AfCrUbgWHXtc_5y3qha-FGGYWyNo-6BH-LXPto8KDAi7JQ&oe=65D59A29&_nc_sid=fc8dfb,0.18814089299673517,0.0010806088196073022,gongchatea
20,"üßßÈô§Â§ïÂø´Ê®ÇÔΩûüßßHappy Luna year‚Äòs eve‚ÄºÔ∏è
.
Á•ùÂ§ßÂÆ∂ÈóîÂÆ∂ÂúòÂúìÔΩûÊ∞£Ê∞õÊ∫´È¶®‚ÄºÔ∏è
.
.
.

.
#Èô§Â§ïÂ§ú #Èô§Â§ï #chinesenewyear #newyearseve #chinesenewyear2024 #dragon #üêâ #bubbletea",68,1,2024-02-09T21:43:03,https://scontent-bos5-1.cdninstagram.com/v/t39.30808-6/426179274_18410987329058121_524155713888748416_n.jpg?stp=dst-jpg_e15&efg=eyJ2ZW5jb2RlX3RhZyI6ImltYWdlX3VybGdlbi4xMDI0eDk5MC5zZHIifQ&_nc_ht=scontent-bos5-1.cdninstagram.com&_nc_cat=109&_nc_ohc=hf899q9HJ24AX_yzlCj&edm=ALQROFkAAAAA&ccb=7-5&ig_cache_key=MzI5OTE5NzI2NTAwODA0ODAxMA%3D%3D.2-ccb7-5&oh=00_AfDsOVIwT6ePBkl-LF829qnlPwtuj4nUj3cEaNVoxzD6DQ&oe=65D66CB5&_nc_sid=fc8dfb,0.0074487895716946,0.00010954102311315588,vivibubbletea
21,"Happy New Year to our amazing customers! Wishing you a year filled with joy, success, and delicious moments at our shop. Cheers to a fantastic year ahead! 
.
May every sip bring you joy and every moment be filled with sweetness. 
Enjoy your delicious drink ÔºÅ
.
.
.
.
.
#happynewyear #2024 #0101 #‚ù§Ô∏è #üßã #ü•§ #welcome2024 #newyear #joy #happy #fantastic #cheers #goodvibes #goodmood",63,0,2024-01-02T01:08:15,https://scontent-bos5-1.cdninstagram.com/v/t39.30808-6/416141264_18404116453058121_7993040651620091412_n.jpg?stp=dst-jpg_e15&efg=eyJ2ZW5jb2RlX3RhZyI6ImltYWdlX3VybGdlbi4xNDQweDE3OTkuc2RyIn0&_nc_ht=scontent-bos5-1.cdninstagram.com&_nc_cat=109&_nc_ohc=jKYNgkVHDRUAX-B3W4n&edm=ALQROFkAAAAA&ccb=7-5&ig_cache_key=MzI3MTAzNDI4OTQ3MzU4NjYzMA%3D%3D.2-ccb7-5&oh=00_AfD8Ns1IR_FqSEv2KuIa6OzTKsSvaf-KAayci2PHCzXo9w&oe=65D608F7&_nc_sid=fc8dfb,0.0069010844561288205,0.0,vivibubbletea
22,"üéâüéâüçæÔ∏èüçæÔ∏è‚ù§Ô∏è‚ù§Ô∏èBYE BYE 2023
.

""May the last day of 2023 be filled with joy, love, and laughter. May it bring you wonderful memories and pave the way for a bright and prosperous new year ahead. Happy New Year's Eve!""",58,1,2023-12-31T22:49:41,https://scontent-bos5-1.cdninstagram.com/v/t39.30808-6/415475010_18403850737058121_6567845833290318478_n.jpg?stp=dst-jpg_e15&efg=eyJ2ZW5jb2RlX3RhZyI6ImltYWdlX3VybGdlbi4xNDQweDE0NDAuc2RyIn0&_nc_ht=scontent-bos5-1.cdninstagram.com&_nc_cat=109&_nc_ohc=zsBNSU_8qlQAX-qpipO&edm=ALQROFkAAAAA&ccb=7-5&ig_cache_key=MzI3MDIzOTc3MTIwMDA5MzUxNw%3D%3D.2-ccb7-5&oh=00_AfAVSnsg8VsC7BYOF74y7aNoh_Hlefz_cKYcdO1GJYqWFA&oe=65D57E89&_nc_sid=fc8dfb,0.006353379340563041,0.00010954102311315588,vivibubbletea
23,"üéÑüéÑüéÑüéÑüéÑüéÑüéÑüéÑüéÑüéÑüéÑüéÑüéÑ
.
May the miracle of Christmas fill your heart with warmth and love. üîîüîîüîî
.
Merry Christmas! 
.

Best wishes on this holiday season.

.
È°òËÅñË™ïÂ•áËπüËÆì‰Ω†/Â¶≥ÂøÉ‰∏≠ÂÖÖÊªøÊ∫´ÊöñÂíåÊÑõ„ÄÇ
.
ËÅñË™ïÂø´Ê®ÇÔºÅ",53,1,2023-12-25T14:44:43,https://scontent-bos5-1.cdninstagram.com/v/t39.30808-6/414196563_18402648952058121_4262204494288790391_n.jpg?stp=dst-jpg_e15&efg=eyJ2ZW5jb2RlX3RhZyI6ImltYWdlX3VybGdlbi4xNDQweDE2ODEuc2RyIn0&_nc_ht=scontent-bos5-1.cdninstagram.com&_nc_cat=109&_nc_ohc=SxmWiP9z2ogAX92gzab&edm=ALQROFkAAAAA&ccb=7-5&ig_cache_key=MzI2NTY0NzAyNjQzODgxODkyOA%3D%3D.2-ccb7-5&oh=00_AfAONMlXqDAQcYoXsY7I88kg0Ok_wMqHfptU-UOfKnj90Q&oe=65D62E65&_nc_sid=fc8dfb,0.0058056742249972615,0.00010954102311315588,vivibubbletea
24,"ONLY AT @vivibubbleteaflushing 
.
üéÑXmas Special Bottle
	‚Ä¢	Limited Offer while supplies last! 
	‚Ä¢	Free 16 oz Gingerbread Man Bottle or X‚Äômas Tree Bottle when you purchase our cold Holiday Drinks $7 each. 
	‚Ä¢	Extra $1 with all other drink purchases. 
	‚Ä¢	We reserved the right for the final interpretation.
-
-
-
#vivibubbletea #bubbletea #boba #bobalove #bobatea #xmas #gingerbread #christmas #nyceats #nycfood #nycrestaurants #nycfoodie #fyp #nyc #nycqueens #flushing",202,1,2023-12-22T00:57:54,https://scontent-bos5-1.cdninstagram.com/v/t39.30808-6/412324101_18401966470058121_4003195980810685680_n.jpg?stp=dst-jpg_e15&efg=eyJ2ZW5jb2RlX3RhZyI6ImltYWdlX3VybGdlbi4xMzQ5eDE2ODUuc2RyIn0&_nc_ht=scontent-bos5-1.cdninstagram.com&_nc_cat=109&_nc_ohc=VYaWQvIdjiIAX-_7Hbr&edm=ALQROFkAAAAA&ccb=7-5&ig_cache_key=MzI2MzA1NjU1MTEzOTg2NzAyNQ%3D%3D.2-ccb7-5&oh=00_AfAferrAcF752GlHmvxfJnCRDL3uUYOmfF-pIuRL_USidQ&oe=65D517F3&_nc_sid=fc8dfb,0.022127286668857486,0.00010954102311315588,vivibubbletea
25,"Come visit us~ 
.
choose a Bubble Tea to make your day ‚ù§Ô∏è.

The world is like a mirror: 
Frown at itand it frowns at you; 
smile, and it smiles too. 
.
‰∏ñÁïåÁå∂Â¶Ç‰∏ÄÈù¢Èè°Â≠êÔºö
ÊúùÂÆÉÁö∫ÁúâÂÆÉÂ∞±Êúù‰Ω†Áö∫ÁúâÔºå
ÊúùÂÆÉÂæÆÁ¨ëÂÆÉ‰πüÊúù‰Ω†ÂæÆÁ¨ë„ÄÇ 

.
.
.
.
.
.
.
.
#vivibubbletea #tuesday #life #lifequotes #lovelife #enjoylife #teatime #milktea #drinks #popular #teashop #morning #nyc #bobatea",107,0,2023-12-05T16:07:01,https://scontent-bos5-1.cdninstagram.com/v/t39.30808-6/406522893_18398934496058121_998607321259779351_n.jpg?stp=dst-jpg_e15&efg=eyJ2ZW5jb2RlX3RhZyI6ImltYWdlX3VybGdlbi4xNDQweDkzNy5zZHIifQ&_nc_ht=scontent-bos5-1.cdninstagram.com&_nc_cat=109&_nc_ohc=N2h_Mb5vYmgAX-WPdBB&edm=ALQROFkAAAAA&ccb=7-5&ig_cache_key=MzI1MTE5MjkzMDkyODA0NDU1Mg%3D%3D.2-ccb7-5&oh=00_AfAsbO_zjaQHnGChTEZNUDITVc0o15cPom6-BT2_SzY0VA&oe=65D52302&_nc_sid=fc8dfb,0.011720889473107678,0.0,vivibubbletea
26,"üç§ü•¢ü•°üçóüßãüçüüç¥
.
Try our delicious snacks! 
From crispy and succulent Popcorn Chicken to flavorful Taiwanese Sausages, 
savor the delightful Takoyaki, mouthwatering Spring Rolls, 
delicious, Shrimp Tempura and golden French Fries.
.
We have delectable snacks to satisfy your cravings. 
.
Hurry in and indulge in a delightful snacking experience today!
.
.
.
.
.
.
.
.
#snacks #popcornchicken #shrimptempura #takoyaki #springrolls #frenchfries #üçü #taiwanesesausage #vivibubbletea #best #loveeating #keepwarm #comevisit #wating #delicious #yummy #streetfood",89,5,2023-11-29T13:53:14,https://scontent-bos5-1.cdninstagram.com/v/t39.30808-6/405711479_18397766701058121_7718670348962289405_n.jpg?stp=dst-jpg_e15&efg=eyJ2ZW5jb2RlX3RhZyI6ImltYWdlX3VybGdlbi4xNDQweDE0NDAuc2RyIn0&_nc_ht=scontent-bos5-1.cdninstagram.com&_nc_cat=109&_nc_ohc=Js5zotNzbJsAX8YL-lL&edm=ALQROFkAAAAA&ccb=7-5&ig_cache_key=MzI0Njc3Njk0NzA0NzU4NzkzMw%3D%3D.2-ccb7-5&oh=00_AfA4-axjQy0BXc8DDRDYGq4iGCHFG9jMkx5MK0siiEykyg&oe=65D68E0D&_nc_sid=fc8dfb,0.009749151057070873,0.0005477051155657794,vivibubbletea
27,".
.
ü¶Éü¶ÉüçÅDear valued customers, 
Happy Thanksgiving! We are grateful for your support .
May your day be filled with joy, love, and delicious food. ‚Ä¶‚Ä¶ü¶Éü¶ÉüçÅ
.
.
#happythanksgivng #holiday #turkey #thankful #grateful #joy #delicious #food #thursday #family #friends #love",58,0,2023-11-23T15:18:44,https://scontent-bos5-1.cdninstagram.com/v/t39.30808-6/404290288_18396616123058121_1754905791639726506_n.jpg?stp=dst-jpg_e15&efg=eyJ2ZW5jb2RlX3RhZyI6ImltYWdlX3VybGdlbi4xNDQweDE3OTkuc2RyIn0&_nc_ht=scontent-bos5-1.cdninstagram.com&_nc_cat=109&_nc_ohc=wxNfaiyDaeUAX-4p9R4&edm=ALQROFkAAAAA&ccb=7-5&ig_cache_key=MzI0MjQ3MTMyNjA2ODQ3NjMwMA%3D%3D.2-ccb7-5&oh=00_AfDIb6MvGYhHwm1BadufTH1sI1ewTHrDSfud775ihNC6eg&oe=65D5D11C&_nc_sid=fc8dfb,0.006353379340563041,0.0,vivibubbletea
28,"ViVi keep you warm‚ùóÔ∏è
.
Top 10 Hot Drinks ‚úÖ
.

Enjoy our delightful selection of hot beverages to warm up this winter. 
Choose from Ôºö
.
Purple Rice Milk Tea Á¥´Á±≥Â•∂Ëå∂
.
Oat Groats Milk Tea ÁáïÈ∫•Â•∂Ëå∂
.
Red Bean Milk Tea Á¥ÖË±ÜÂ•∂Ëå∂
.
Diced Taro Milk Tea Â∞èËäãÈ†≠Â•∂Ëå∂
.
Flaming Brown Sugar Tapioca ÁÅ´ÁÑ∞ÈªëÁ≥ñÁèçÁè†ÈÆÆÂ•∂/Â•∂Ëå∂
.
Ginger Milk Tea ËñëÊØçÂ•∂Ëå∂
.
Kumquat Tea ÈáëÊ°îËå∂
.
Brown Sugar‚Ä¢Longan Tea ÈªëÁ≥ñÊ°ÇÂúìÁ¥ÖÊ£óËå∂
.
Jasmine Honey Tea ËúÇËúúËåâËéâÁ∂†Ëå∂
.
Brown Sugar Ginger Tea ÈªëÁ≥ñËñëÊØçËå∂
.
Stay cozy and content all season long.
.
.
.
.
#vivibubbletea #bubbletea #bobatea #drinks #hotdrink #hotbeverage #warm 
#winter #milktea #holidayseason",98,5,2023-11-18T21:02:22,https://scontent-bos5-1.cdninstagram.com/v/t39.30808-6/402976165_18395721043058121_3485639728832550258_n.jpg?stp=dst-jpg_e15&efg=eyJ2ZW5jb2RlX3RhZyI6ImltYWdlX3VybGdlbi4xNDQweDE1MDkuc2RyIn0&_nc_ht=scontent-bos5-1.cdninstagram.com&_nc_cat=109&_nc_ohc=tKXeJRPW-aAAX_OiMFb&edm=ALQROFkAAAAA&ccb=7-5&ig_cache_key=MzIzOTAyMDM5NzM0MDY1Njc4MA%3D%3D.2-ccb7-5&oh=00_AfD3VFJ1o_r6BkcjyKVsi9ZLg4XHAqRKk5WsKtX-7Hn7iQ&oe=65D51A55&_nc_sid=fc8dfb,0.010735020265089277,0.0005477051155657794,vivibubbletea
29,"üéÉüéÉHappy Halloween üéÉüéÉ
.
Wishing you a spooky and fun-filled Halloween, filled with laughter, treats, and unforgettable memories! 
May your night be haunted with joy and your costume be the talk of the town. 
‚Ä¶‚Ä¶üï∑Ô∏èüï∏Ô∏èüç¨üç´üç¨üç´üï∏Ô∏èüï∑Ô∏è
.
.
.
.
.
.
.
#happyhalloween #halloween #bubbletea 
#bubbletealover #hunting #trickortreat #candy #halloweencostume #vivibubbletea #october #oct31 #üéÉ #üï∏ #üï∑ #üç¨",70,0,2023-10-31T14:46:57,https://scontent-bos5-1.cdninstagram.com/v/t39.30808-6/395638166_18392052844058121_2693142932948432534_n.jpg?stp=dst-jpg_e15&efg=eyJ2ZW5jb2RlX3RhZyI6ImltYWdlX3VybGdlbi4xMTI1eDE0MDYuc2RyIn0&_nc_ht=scontent-bos5-1.cdninstagram.com&_nc_cat=109&_nc_ohc=Ex0RYi7wgbwAX8jFDlE&edm=ALQROFkAAAAA&ccb=7-5&ig_cache_key=MzIyNTc4NTQ4NjMyODUwNjA1Nw%3D%3D.2-ccb7-5&oh=00_AfC4ypmMHoEZsJwuZroeq3lIbSkUPyah1QE0-4H4YTRs9Q&oe=65D598DA&_nc_sid=fc8dfb,0.007667871617920911,0.0,vivibubbletea
30,"The Valentine‚Äôs Day is comingüë©‚Äç‚ù§Ô∏è‚Äçüë®
Starting on 2/10, we have our limited Valentine‚Äôs Day Special - Strawberry Milk Tea and Strawberry Green TeaüçìGet the drinks with the heart bottlesüíù
#boba #bobatea #bubbletea #milktea #strawberry #valentines #love #boston #bostonfoodies #valentinesgift",55,1,2024-02-08T20:15:00,https://scontent-bos5-1.cdninstagram.com/v/t39.30808-6/426157630_18030060085869243_8767199344238250427_n.jpg?stp=dst-jpg_e15&efg=eyJ2ZW5jb2RlX3RhZyI6ImltYWdlX3VybGdlbi4xMDgweDcwMC5zZHIifQ&_nc_ht=scontent-bos5-1.cdninstagram.com&_nc_cat=103&_nc_ohc=Ok3cgsDIGIUAX-vfCsW&edm=ALQROFkAAAAA&ccb=7-5&ig_cache_key=MzI5ODQyODQ2NzQzODc4MDg2OQ%3D%3D.2-ccb7-5&oh=00_AfDrI2JijaylNmnfkowSdVNiEFuBuECWMz2K8LSNCLQufg&oe=65D51950&_nc_sid=fc8dfb,0.01799738219895288,0.0003272251308900524,tenoneteahouse_us
31,"The Lunar New Year is comingüßß
Starting 2/5, we are giving out the Limited Red Envelope with random special coupons if you purchase two items in-store! The coupons include a free drink, buy one get one free, buy one get one 50% off, $1 off, and 20% off. Come with luck to get the biggest discount!
#boba #bobamilktea #bobatea #bubbletea #milktea #boston #bostonffoodies #newyear",102,2,2024-02-03T20:39:55,https://scontent-bos5-1.cdninstagram.com/v/t39.30808-6/425396322_18029578975869243_6171752740628357377_n.jpg?stp=dst-jpg_e15&efg=eyJ2ZW5jb2RlX3RhZyI6ImltYWdlX3VybGdlbi4xMDAweDEwMDAuc2RyIn0&_nc_ht=scontent-bos5-1.cdninstagram.com&_nc_cat=103&_nc_ohc=0Daxn6sFKnYAX9n-sUM&edm=ALQROFkAAAAA&ccb=7-5&ig_cache_key=MzI5NDgxNjgyOTUzMTg1NzgwOQ%3D%3D.2-ccb7-5&oh=00_AfCvCzGefSOsK-SoINWstL3-dVlPttN8M0xtai3F9Ol5Ng&oe=65D69518&_nc_sid=fc8dfb,0.03337696335078534,0.0006544502617801048,tenoneteahouse_us
32,"Cinnamon Milk Tea with Roasted MarshmallowsüçÇ
We are here to announce our Winter Special-Cinnamon Milk Tea with Roasted Marshmallows, a perfect choice for the cold weather! Let our Cinnamon Milk Tea give you a cozy winter!",89,2,2023-11-11T00:42:41,https://scontent-bos5-1.cdninstagram.com/v/t39.30808-6/400124501_18019877254869243_5920511956007949954_n.jpg?stp=dst-jpg_e15&efg=eyJ2ZW5jb2RlX3RhZyI6ImltYWdlX3VybGdlbi4xNDQweDE4MDAuc2RyIn0&_nc_ht=scontent-bos5-1.cdninstagram.com&_nc_cat=103&_nc_ohc=JBDiKp48P_EAX-ZksYm&edm=ALQROFkAAAAA&ccb=7-5&ig_cache_key=MzIzMzMzMzA4NzQ3ODg1NjA5OA%3D%3D.2-ccb7-5&oh=00_AfAiGTmh1NM5Lv3MErs_dLtopW6EaTL7Ry0ONceqgivb2g&oe=65D5B532&_nc_sid=fc8dfb,0.02912303664921466,0.0006544502617801048,tenoneteahouse_us
33,Something new is coming with the cold weather‚Ä¶,54,0,2023-11-06T02:25:02,https://scontent-bos5-1.cdninstagram.com/v/t39.30808-6/399936292_18019232443869243_2305564797421949809_n.jpg?stp=dst-jpg_e15&efg=eyJ2ZW5jb2RlX3RhZyI6ImltYWdlX3VybGdlbi4xMDc5eDEwNzkuc2RyIn0&_nc_ht=scontent-bos5-1.cdninstagram.com&_nc_cat=103&_nc_ohc=2pltPapFkOcAX9B7KZR&edm=ALQROFkAAAAA&ccb=7-5&ig_cache_key=MzIyOTc2MDcyMjE0ODkyNTQxMw%3D%3D.2-ccb7-5&oh=00_AfCCi5fEysIYYdH_B5tWzduFIzuIF8iNUSaVFwZ17rtxsg&oe=65D6608C&_nc_sid=fc8dfb,0.01767015706806283,0.0,tenoneteahouse_us
34,"Osmanthus Seasonüåº
Osmanthus is a Chinese flower with a light floral taste that can smooth and relax the mind! Our new drink, Osmanthus Honey Oolong Milk Tea, uses our new medium roasted oolong to add a mellow flavor! Don‚Äôt miss it‚ú®
#boba #bobatea #bubbletea #milktea #flowertea #boston #bostonfoodies #bostonrestaurants",27,2,2023-10-12T23:57:28,https://scontent-bos5-1.cdninstagram.com/v/t39.30808-6/391731967_18016248037869243_997734051063451329_n.jpg?stp=dst-jpg_e15&efg=eyJ2ZW5jb2RlX3RhZyI6ImltYWdlX3VybGdlbi4xNDQweDE0NDAuc2RyIn0&_nc_ht=scontent-bos5-1.cdninstagram.com&_nc_cat=103&_nc_ohc=JDGv_jqhQ5IAX-H9Guq&edm=ALQROFkAAAAA&ccb=7-5&ig_cache_key=MzIxMjI5MTgzMTIzNTg1OTMxMQ%3D%3D.2-ccb7-5&oh=00_AfDNa1BtdVpNtYAjGo1Zkt9lp-BYjH9EEQM9OZeRYZmVaA&oe=65D61309&_nc_sid=fc8dfb,0.008835078534031414,0.0006544502617801048,tenoneteahouse_us
35,"Osmanthus Seasonüåº
#boba #bobatea #bubbletea #milktea #milktealover #boston #bostonfoodies #flowertea",17,0,2023-10-12T23:56:52,https://scontent-bos5-1.cdninstagram.com/v/t39.30808-6/391619408_18016247971869243_416332702011035649_n.jpg?stp=dst-jpg_e15&efg=eyJ2ZW5jb2RlX3RhZyI6ImltYWdlX3VybGdlbi4xNDQweDE0NDAuc2RyIn0&_nc_ht=scontent-bos5-1.cdninstagram.com&_nc_cat=103&_nc_ohc=ydapFJgDsXQAX9CTsfg&edm=ALQROFkAAAAA&ccb=7-5&ig_cache_key=MzIxMjI5MTUyOTM4ODM1OTMzMg%3D%3D.2-ccb7-5&oh=00_AfA2LojPnwYFlFFmXMjR1FC_NaOu-MPbGbBRLh4VdjHXzA&oe=65D62986&_nc_sid=fc8dfb,0.00556282722513089,0.0,tenoneteahouse_us
36,"Osmanthus Seasonüåº
Osmanthus is a Chinese flower with a light floral taste that can smooth and relax the mind! Our new drink, Osmanthus Honey Oolong Milk Tea, uses our new medium roasted oolong to add a mellow flavor! Don‚Äôt miss it‚ú®
#boba #bobatea #bubbletea #milktea #flowertea #boston #bostonfoodies #bostonrestaurants",9,1,2023-09-20T15:17:03,https://scontent-bos5-1.cdninstagram.com/v/t39.30808-6/380978882_18013510180869243_8850033411968320470_n.jpg?stp=dst-jpg_e15&efg=eyJ2ZW5jb2RlX3RhZyI6ImltYWdlX3VybGdlbi4xNDQweDE0NDAuc2RyIn0&_nc_ht=scontent-bos5-1.cdninstagram.com&_nc_cat=103&_nc_ohc=or_GaMWIQqEAX9Vfc8S&edm=ALQROFkAAAAA&ccb=7-5&ig_cache_key=MzE5NjA4NDgyNDYwNzExNzA1NQ%3D%3D.2-ccb7-5&oh=00_AfBasxLFInluDJ1dBTgGpGg37Hr1S3as_YgjaeYYfwemOg&oe=65D64832&_nc_sid=fc8dfb,0.0029450261780104713,0.0003272251308900524,tenoneteahouse_us
37,"Osmanthus Seasonüåº
Osmanthus is a Chinese flower with a light floral taste that can smooth and relax the mind! Our new drink, Osmanthus Honey Oolong Milk Tea, uses our new medium roasted oolong to add a mellow flavor! Don‚Äôt miss it‚ú®
#boba #bobatea #bubbletea #milktea #flowertea #boston #bostonfoodies #bostonrestaurants",6,0,2023-09-20T15:16:10,https://scontent-bos5-1.cdninstagram.com/v/t39.30808-6/380178944_18013510006869243_5077155580330328095_n.jpg?stp=dst-jpg_e15&efg=eyJ2ZW5jb2RlX3RhZyI6ImltYWdlX3VybGdlbi4xNDQweDE0NDAuc2RyIn0&_nc_ht=scontent-bos5-1.cdninstagram.com&_nc_cat=103&_nc_ohc=gVdefdnhqBIAX9dILl4&edm=ALQROFkAAAAA&ccb=7-5&ig_cache_key=MzE5NjA4NDM4MDg0OTcwNDg1NA%3D%3D.2-ccb7-5&oh=00_AfCSAMm618plEaUisnFlNkNvAgiPBWAcWhaw6i9HMarV6w&oe=65D659F0&_nc_sid=fc8dfb,0.001963350785340314,0.0,tenoneteahouse_us
38,"Osmanthus Seasonüåº
Osmanthus is a Chinese flower with a light floral taste that can smooth and relax the mind! Our new drink, Osmanthus Honey Oolong Milk Tea, uses our new medium roasted oolong to add a mellow flavor! Don‚Äôt miss it‚ú®
#boba #bobatea #bubbletea #milktea #flowertea #boston #bostonnfoodies #bostonrestaurants",5,0,2023-09-20T15:15:15,https://scontent-bos5-1.cdninstagram.com/v/t39.30808-6/380352939_18013509562869243_1207392230553113432_n.jpg?stp=dst-jpg_e15&efg=eyJ2ZW5jb2RlX3RhZyI6ImltYWdlX3VybGdlbi4xNDQweDE0NDAuc2RyIn0&_nc_ht=scontent-bos5-1.cdninstagram.com&_nc_cat=103&_nc_ohc=59DljuCtKwgAX8X8QUQ&edm=ALQROFkAAAAA&ccb=7-5&ig_cache_key=MzE5NjA4MzkyMDU1MDIxOTM4Mw%3D%3D.2-ccb7-5&oh=00_AfBov8z7PMxuMsQ_J-FmuVNo_xAovNzLpyor2NTHdiTTnA&oe=65D51CB5&_nc_sid=fc8dfb,0.0016361256544502618,0.0,tenoneteahouse_us
39,"ü™ªLavender Season
The seasonal product - Lavender Fizz, is available in all locations‚ú®Enjoy the summer vibe with refreshing drinksüòç

#boba #bobatea #bobalove #bubbletea #bobamilktea #milktea #milktealover #milkteashop #lavender #summervibes #summerdrinks",13,1,2023-07-04T01:47:41,https://scontent-bos5-1.cdninstagram.com/v/t39.30808-6/358104940_18003730867869243_5058341950845984180_n.jpg?stp=dst-jpg_e15&efg=eyJ2ZW5jb2RlX3RhZyI6ImltYWdlX3VybGdlbi4xNDQweDE0NDAuc2RyIn0&_nc_ht=scontent-bos5-1.cdninstagram.com&_nc_cat=103&_nc_ohc=IPFuOprUpBgAX9LvYQ8&edm=ALQROFkAAAAA&ccb=7-5&ig_cache_key=MzEzOTE0NDk1NjI4MjgwOTA4OA%3D%3D.2-ccb7-5&oh=00_AfAEDKM87ytfYANBlYnug75YbYMu-jVctMNW_D3XvUJapw&oe=65D6D453&_nc_sid=fc8dfb,0.004253926701570681,0.0003272251308900524,tenoneteahouse_us
40,"Just a boba, a smile, and endless possibilities.

@tigersugar.usa 
.
.
.
.
.
#cinematiclook #visualgrams #cinema_streets #picturesofnewyork
#newyork_instagram #moody_shotz_
#nycprimeshot #streetclassics
#streetshared #what_i_saw_in_nyc  #cityscapes #cityphotography #ig_nycity #streetgrammers10k #illGrammers #travelnyc #streets_vision5k #co10k #newyork_ig #everybodystreet
#life_is_street #n8zine #streetmobs
#madewithlightroom
#newyork_world #deceptive_cities
#thinkverylittle #filmic_streets #street_ninjas",1415,130,2024-02-01T00:54:14,https://scontent-bos5-1.cdninstagram.com/v/t51.2885-15/423417353_893793475758852_601587359704156531_n.jpg?stp=dst-jpg_e35_p1080x1080&_nc_ht=scontent-bos5-1.cdninstagram.com&_nc_cat=100&_nc_ohc=e3zRUb7DKnkAX8YdxuL&edm=APU89FABAAAA&ccb=7-5&oh=00_AfBs2P07tTtCJFPVKrmGjMxEY91KasS7gBEQXqvZgaZhGw&oe=65D5BA6F&_nc_sid=bc0c2c,0.02539802200563603,0.002333387180729812,tigersugar.usa
41,Who are you staying here with? üôã‚Äç‚ôÄÔ∏è #bubbletea #boba #tigersugar #bobatea,1248,51,2024-01-26T00:02:32,https://scontent-bos5-1.cdninstagram.com/v/t51.2885-15/422440459_2020519475002103_1349670687097099633_n.jpg?stp=dst-jpg_e35_p1080x1080&_nc_ht=scontent-bos5-1.cdninstagram.com&_nc_cat=111&_nc_ohc=LjFxrGt-LFwAX8xdyrZ&edm=APU89FABAAAA&ccb=7-5&oh=00_AfA7rBuJCnBFZpRGgfRsRUB8w8k8Jo_vjWD-Y-KixNZvOQ&oe=65D5832B&_nc_sid=bc0c2c,0.022400516935006193,0.0009154057401324646,tigersugar.usa
42,"Hold onto your straws! We unleashed the biggest boba yet, and your reactions were epic! üé§ @taylorelajas 

Where should we bring the jumbo joy next? Let us know in the comments!

#tigersugar #boba #bubbletea #bobatea #milktea #bobamilktea #bobalife #bobalove #foodie #bobatime #brownsugar #coffee #bobalover #bobaaddict",491,6,2023-12-14T23:43:28,https://scontent-bos5-1.cdninstagram.com/v/t51.2885-15/410055555_872483090925545_3824182051333827283_n.jpg?stp=dst-jpg_e35_p1080x1080&_nc_ht=scontent-bos5-1.cdninstagram.com&_nc_cat=105&_nc_ohc=UNa6UD9pzJUAX_s-cEf&edm=APU89FABAAAA&ccb=7-5&oh=00_AfDVEcXS455M2iURvPxtPA1kJPJmWHB8DKiDjzzPPX03uA&oe=65D6DBD0&_nc_sid=bc0c2c,0.008813023890294903,0.00010769479295676055,tigersugar.usa
43,"Introducing the JUMBO BOBA ‚Äì Where Bigger is Always Better! 

Prepare to be amazed by the sheer size of our Jumbo Boba! It's like having a whole boba party in your mouth. Each sip is a delightful explosion of flavor and texture, guaranteed to satisfy your boba cravings. These boba, unlike our tapioca balls, are made from coffee and jelly.

üì£ NEW STORE OPENING
12/2/23 TIGER SUGAR 135-45 Roosevelt Ave, Flushing, NY 11354

#tigersugar #boba #bubbletea #bobatea #bobalife #bobalove #bobatime",1326,45,2023-11-22T01:00:34,https://scontent-bos5-1.cdninstagram.com/v/t39.30808-6/402880726_756864856458364_4122303334376405498_n.jpg?stp=dst-jpg_e15&efg=eyJ2ZW5jb2RlX3RhZyI6ImltYWdlX3VybGdlbi4xMDgweDEzNTAuc2RyIn0&_nc_ht=scontent-bos5-1.cdninstagram.com&_nc_cat=104&_nc_ohc=81CBBArakyIAX-2NVGs&edm=ALQROFkAAAAA&ccb=7-5&ig_cache_key=MzI0MTMxNDYxNDM5Mzg1Nzg1NA%3D%3D.2-ccb7-5&oh=00_AfDoD35DPWjKT1EdTbyfs88WW8hRuFsDH6eUDKQb0DJ5xA&oe=65D56141&_nc_sid=fc8dfb,0.023800549243444078,0.0008077109471757041,tigersugar.usa
44,"üéÉ It's a fake flavor that dreams are made of. Should we make this a reality?

#pumpkin #pumpkinspice #TigerSugar #boba #milktea #bubbletea #bobalover",1135,34,2023-09-19T00:45:11,https://scontent-bos5-1.cdninstagram.com/v/t39.30808-6/376258162_715087627302754_8918102477749056592_n.jpg?stp=dst-jpg_e15&efg=eyJ2ZW5jb2RlX3RhZyI6ImltYWdlX3VybGdlbi44MTl4MTAyMy5zZHIifQ&_nc_ht=scontent-bos5-1.cdninstagram.com&_nc_cat=110&_nc_ohc=qjknpjx2vsUAX94yc3R&edm=ALQROFkAAAAA&ccb=7-5&ig_cache_key=MzE5NDkyMTIyNDYyNjQ0NjcyMA%3D%3D.2-ccb7-5&oh=00_AfBAJatJHc6cPLzOtOwnwXWsxUbbT8A7pXMbMZCZX0F4mg&oe=65D6D1EA&_nc_sid=fc8dfb,0.020372265000987204,0.0006102704934216431,tigersugar.usa
45,"Don't miss your chance to own a limited-edition Hello Kitty cup holder!

These adorable cup holders are only available for a short time, so hurry to TIGER SUGAR and get yours today. Choose from a variety of colors and designs, all featuring your favorite Sanrio character.

Once they're gone, they're gone for good! So don't miss out on this chance to own a piece of Hello Kitty history.

* To check availability, please contact your nearest Tiger Sugar store.

üì∑ Cred: @pisceskaa

#HelloKittyxTigerSuger #HelloKittyCrush #TigerSugar #boba #milktea #bubbletea #bobalover #hellokitty #hellokittylover #hellokittyaddict",1152,20,2023-09-15T00:00:08,https://scontent-bos5-1.cdninstagram.com/v/t39.30808-6/370370976_709378987873618_6968476110432861048_n.jpg?stp=dst-jpg_e15&efg=eyJ2ZW5jb2RlX3RhZyI6ImltYWdlX3VybGdlbi4xMTIzeDE0MDMuc2RyIn0&_nc_ht=scontent-bos5-1.cdninstagram.com&_nc_cat=110&_nc_ohc=iSE19L2Tx-sAX-ZJHib&edm=ALQROFkAAAAA&ccb=7-5&ig_cache_key=MzE5MTk5OTQ0NDA4MTMyMjc3Ng%3D%3D.2-ccb7-5&oh=00_AfCS9UlGN2S6S9yJoNXeTuoFn9fbAEY3kdD-zD3UOzhQ9w&oe=65D69919&_nc_sid=fc8dfb,0.020677400247698024,0.0003589826431892018,tigersugar.usa
46,"Hold on to your boba, we're bringing you the cutest cup holders ever! Our limited-edition Hello Kitty cup holders are the perfect way to show your love of boba and @HelloKitty. Choose from a variety of colors and designs, all featuring your favorite Sanrio character.

But hurry, these cup holders are only available while supplies last! So what are you waiting for? Head to your nearest TIGER SUGAR and get your hands on these adorable cup holders today!

* To check availability, please contact your nearest Tiger Sugar store.

#HelloKittyxTigerSuger #HelloKittyCrush #TigerSugar #boba #milktea #bubbletea #bobalover #hellokitty #hellokittylover #hellokittyaddict",1598,27,2023-09-09T00:00:09,https://scontent-bos5-1.cdninstagram.com/v/t39.30808-6/370292559_709374037874113_3955718681168251482_n.jpg?stp=dst-jpg_e15&efg=eyJ2ZW5jb2RlX3RhZyI6ImltYWdlX3VybGdlbi4xNzcyeDE3NzMuc2RyIn0&_nc_ht=scontent-bos5-1.cdninstagram.com&_nc_cat=101&_nc_ohc=5PQqG0JThgEAX9Pr6Kb&edm=ALQROFkAAAAA&ccb=7-5&ig_cache_key=MzE4NzY1MDc5NzY2MzQxMzkxOA%3D%3D.2-ccb7-5&oh=00_AfAFY-IALjT9jNLKdZ4hfOry3jUSeNzXX3sxQaxWIooP0w&oe=65D5E8C3&_nc_sid=fc8dfb,0.028682713190817225,0.0004846265683054224,tigersugar.usa
47,"Say hello to the sweetest collab of the summer! TIGER SUGAR and @HelloKitty have teamed up to create the ultimate boba tea experience. Our limited-edition Hello Kitty Crush drink is made with sweet strawberry milk cream, boba pearls, and strawberry flavored chips. It's the perfect way to cool down on a hot day and celebrate your love of Hello Kitty.

Available now at all TIGER SUGAR USA locations! So what are you waiting for? Head to your nearest TIGER SUGAR and try the new Hello Kitty Crush drink today!

#HelloKittyxTigerSuger #HelloKittyCrush #TigerSugar #boba #milktea #bubbletea #bobalover #hellokitty #hellokittylover #hellokittyaddict",1391,26,2023-08-27T00:00:09,https://scontent-bos5-1.cdninstagram.com/v/t39.30808-6/363367774_691772782967572_2971164753337485158_n.jpg?stp=dst-jpg_e15&efg=eyJ2ZW5jb2RlX3RhZyI6ImltYWdlX3VybGdlbi4xNzcyeDE3NzIuc2RyIn0&_nc_ht=scontent-bos5-1.cdninstagram.com&_nc_cat=104&_nc_ohc=t2fE0oeNJIgAX-ReO_l&edm=ALQROFkAAAAA&ccb=7-5&ig_cache_key=MzE3ODIyODcxNzM2NzU3ODk0Ng%3D%3D.2-ccb7-5&oh=00_AfCY6PHiTIlXf3ViaKPD3yo4Y3TCdHtoDAcuhEmXTQTAeg&oe=65D6D9B4&_nc_sid=fc8dfb,0.024967242833808984,0.00046667743614596237,tigersugar.usa
48,"Calling all @HelloKitty fans! We're so excited to announce our new limited-edition Hello Kitty cups! These adorable cups are perfect for your next boba tea order. Choose from a variety of colors and designs, all featuring your favorite Sanrio character.

Which cup is your favorite? Let us know in the comments below! And don't forget to tag a friend who loves Hello Kitty!

#HelloKittyxTigerSuger #HelloKittyCrush #TigerSugar #boba #milktea #bubbletea #bobalover #hellokitty #hellokittylover #hellokittyaddict",1243,34,2023-08-20T14:11:20,https://scontent-bos5-1.cdninstagram.com/v/t39.30808-6/363382449_691771906300993_7216508645066253405_n.jpg?stp=dst-jpg_e15&efg=eyJ2ZW5jb2RlX3RhZyI6ImltYWdlX3VybGdlbi4xNzcyeDE3NzIuc2RyIn0&_nc_ht=scontent-bos5-1.cdninstagram.com&_nc_cat=101&_nc_ohc=S7-jwkuYkLUAX_kmDww&edm=ALQROFkAAAAA&ccb=7-5&ig_cache_key=MzE3MzU4MzY5NjY0MDMyNTg3Mw%3D%3D.2-ccb7-5&oh=00_AfBEWD3N1q-ga6evXt81C0lAYkQsnQpaMWRSb5A36acJfg&oe=65D54A95&_nc_sid=fc8dfb,0.022310771274208892,0.0006102704934216431,tigersugar.usa
49,"üéâ TIGER SUGAR x @hellokitty Contest CLOSED üéâ

üèÜ PRIZES üèÜ
ü•á Grand Prize (1 Winner): Set of 4 Hello Kitty x TIGER SUGAR Cupholders and 4 matching cups.
Winner: @ez2bnice

ü•à Runner-Up Prizes (10 Winners): Set of 2 cupholders and 2 cups each, available in either black or pink.
Winners:
@lovelyhaeran
@i.heart.hk
@0.nasstyworld.0
@pattycakesx3
@xpo2bee
@daniielagonzallez
@jas.mine.xu
@dillydallysillysally
@nosleeptillbrookelynn.part2
@qtxannax

You must be a U.S. resident 18 years of age or older. Winners must respond to the DM from @tigersugar.usa by October 19, 2023 at 10:00 PM PST. Beware of scams: We will never ask you for money in order to claim your prize.

#HelloKittyxTigerSuger #HelloKittyCrush #TigerSugar #boba #milktea #bubbletea #bobalover #hellokitty #hellokittylover #hellokittyaddict",5179,7793,2023-08-19T14:00:53,https://scontent-bos5-1.cdninstagram.com/v/t39.30808-6/365237577_695278202617030_701669044091145396_n.jpg?stp=dst-jpg_e15&efg=eyJ2ZW5jb2RlX3RhZyI6ImltYWdlX3VybGdlbi43MjB4OTAwLnNkciJ9&_nc_ht=scontent-bos5-1.cdninstagram.com&_nc_cat=110&_nc_ohc=QWwxzKwKTQUAX-99eO0&edm=ALQROFkAAAAA&ccb=7-5&ig_cache_key=MzE3Mjg1MzY2NjM2ODY2ODc5Nw%3D%3D.2-ccb7-5&oh=00_AfCZB9cnJ2ZOxsUBLj2lWGVoFKcbtWQfZjdJnp6Wjt06sQ&oe=65D6D4CA&_nc_sid=fc8dfb,0.09295855545384381,0.13987758691867247,tigersugar.usa
50,"Starting November, we will stop to book any bloggers or winners for Fridays, Saturdays & Sundays & HOLIDAYS (we can‚Äôt redeem on Dec 24-26 & Dec 30- Jan 2) But on Mondays, Tuesdays, Wednesdays & Thursdays, we welcome all winners and bloggers. Last min booking is fine -just leave us a direct message on Instagram üòäthank you for your understanding üôè & thank you for all your support",21,0,2023-11-01T20:07:21,https://scontent-bos5-1.cdninstagram.com/v/t39.30808-6/396250188_17977263308553970_4392759359977415915_n.jpg?stp=dst-jpg_e15&efg=eyJ2ZW5jb2RlX3RhZyI6ImltYWdlX3VybGdlbi4xNDQweDE3OTkuc2RyIn0&_nc_ht=scontent-bos5-1.cdninstagram.com&_nc_cat=110&_nc_ohc=yDSl2bjSk10AX_a-x0b&edm=ALQROFkAAAAA&ccb=7-5&ig_cache_key=MzIyNjY3MTUyMzkyMDM3NjY5MA%3D%3D.2-ccb7-5&oh=00_AfCXGIQ646YOmT_tZEFIlc1z-Xm4s84cvr_lfN7cSVLsDw&oe=65D5D37E&_nc_sid=fc8dfb,0.015555555555555555,0.0,superemoji_usa
51,"preTEA shot @superemoji_usa 

üì∏thank you @inphynity",6,1,2024-02-15T20:34:16,https://scontent-bos5-1.cdninstagram.com/v/t39.30808-6/426507458_17990385878553970_3650168463841298248_n.jpg?stp=dst-jpg_e15&efg=eyJ2ZW5jb2RlX3RhZyI6ImltYWdlX3VybGdlbi4xNDQweDE4MDAuc2RyIn0&_nc_ht=scontent-bos5-1.cdninstagram.com&_nc_cat=110&_nc_ohc=ZpCxaAw4H5sAX-BvYGT&edm=ALQROFkAAAAA&ccb=7-5&ig_cache_key=MzMwMzUxMTI5NzA4NDcxMDE1Mg%3D%3D.2-ccb7-5&oh=00_AfC93n4AhghvplAjrg7wu7l4UzizFfJF3RqhMHXGIIDQRA&oe=65D562A0&_nc_sid=fc8dfb,0.0044444444444444444,0.0007407407407407407,superemoji_usa
52,Cloud ‚òÅÔ∏è Like Iced Cheesecake üç∞ @superemoji_usa,10,2,2024-02-15T20:29:37,https://scontent-bos5-1.cdninstagram.com/v/t39.30808-6/426525847_17990384543553970_6130071187978025715_n.jpg?stp=dst-jpg_e15&efg=eyJ2ZW5jb2RlX3RhZyI6ImltYWdlX3VybGdlbi4xNDQweDE4MDAuc2RyIn0&_nc_ht=scontent-bos5-1.cdninstagram.com&_nc_cat=110&_nc_ohc=NWMvsceagi4AX_pCEbP&edm=ALQROFkAAAAA&ccb=7-5&ig_cache_key=MzMwMzUwODk1ODg2MDg0ODIwMA%3D%3D.2-ccb7-5&oh=00_AfAZyD5DZiC1UxFvmiOCI6t62ClBWUg3f7rVqHF0k-lwxw&oe=65D67152&_nc_sid=fc8dfb,0.007407407407407408,0.0014814814814814814,superemoji_usa
53,What a warm weekend ‚òÄÔ∏èsummer is almost here ü•π?,6,1,2024-02-11T22:11:46,https://scontent-bos5-1.cdninstagram.com/v/t39.30808-6/427829041_17989957769553970_8259618758147694412_n.jpg?stp=dst-jpg_e15&efg=eyJ2ZW5jb2RlX3RhZyI6ImltYWdlX3VybGdlbi4xNDQweDE4MDAuc2RyIn0&_nc_ht=scontent-bos5-1.cdninstagram.com&_nc_cat=110&_nc_ohc=OJ-gGbaWU7wAX-vsA8p&edm=ALQROFkAAAAA&ccb=7-5&ig_cache_key=MzMwMDY2MTI2NjA0ODgxMjY4Nw%3D%3D.2-ccb7-5&oh=00_AfD6_rJT7wrTybAj6pbv56HY6uo6cMntJa0MmKMg62wF2w&oe=65D606A8&_nc_sid=fc8dfb,0.0044444444444444444,0.0007407407407407407,superemoji_usa
54,"Happy Lunar New Year üßß to everyone from SuperEmoji USA üá∫üá∏ 

We open regular hours throughout the Chinese New Year and next weekend long weekend too! 

SuperEmoji 
üìç217 Newbury St. Boston
üìû617-936-4025
www.SuperEmojiUSA.com

Order in Store NOW
(Dine-in only)",20,1,2024-02-10T02:15:39,https://scontent-bos5-1.cdninstagram.com/v/t39.30808-6/427021835_17989750829553970_4212845132614496211_n.jpg?stp=dst-jpg_e35_p1080x1080_sh0.08&_nc_ht=scontent-bos5-1.cdninstagram.com&_nc_cat=110&_nc_ohc=VWfVGnMXQPwAX-yY1T7&edm=APU89FAAAAAA&ccb=7-5&oh=00_AfCbhV0BjODEBpjhqe5DCw-pUT0pTLyGDAMljYg5ibLPZQ&oe=65D57C1D&_nc_sid=bc0c2c,0.014814814814814815,0.0007407407407407407,superemoji_usa
55,"Boba Date üßãüßã? 
Yes, Please @superemoji_usa",8,1,2024-02-07T02:53:53,https://scontent-bos5-1.cdninstagram.com/v/t39.30808-6/425805463_17989440452553970_1076451775601135484_n.jpg?stp=dst-jpg_e15&efg=eyJ2ZW5jb2RlX3RhZyI6ImltYWdlX3VybGdlbi4xNDQweDE4MDAuc2RyIn0&_nc_ht=scontent-bos5-1.cdninstagram.com&_nc_cat=110&_nc_ohc=xEO0Zq_dkmcAX_QrkPa&edm=ALQROFkAAAAA&ccb=7-5&ig_cache_key=MzI5NzE3OTM4Mzc2NzUxNTg1Mg%3D%3D.2-ccb7-5&oh=00_AfBBbXoiaBjsvy3BvOMLVvtJAxtodY4kPy5eXkZtYxNWZg&oe=65D5E65B&_nc_sid=fc8dfb,0.005925925925925926,0.0007407407407407407,superemoji_usa
56,"Cutest Boba üßã ever @superemoji_official 

üì∏thank you @kw_bites",9,1,2024-02-04T23:19:30,https://scontent-bos5-1.cdninstagram.com/v/t39.30808-6/425631959_17989218878553970_5041277528386692689_n.jpg?stp=dst-jpg_e15&efg=eyJ2ZW5jb2RlX3RhZyI6ImltYWdlX3VybGdlbi4xNDQweDE4MDAuc2RyIn0&_nc_ht=scontent-bos5-1.cdninstagram.com&_nc_cat=110&_nc_ohc=WmEFiN4_1_8AX8LkdHp&edm=ALQROFkAAAAA&ccb=7-5&ig_cache_key=MzI5NTYyMTkyODk3NzUxNTk3Mg%3D%3D.2-ccb7-5&oh=00_AfC9K-6hjrKI1CjNItmRyYM0Uwd2rWSfmGaDakZowFFT_w&oe=65D5CC4A&_nc_sid=fc8dfb,0.006666666666666667,0.0007407407407407407,superemoji_usa
57,"Delight in the heavenly layers of flaky pastry and creamy custard with our Portuguese Egg Tart ‚Äì a sweet treat that‚Äôs simply irresistible! ü•ß‚ú®

SuperEmoji 
üìç217 Newbury St. Boston
üìû617-936-4025
www.SuperEmojiUSA.com",9,2,2024-02-02T05:08:33,https://scontent-bos5-1.cdninstagram.com/v/t39.30808-6/424780805_17988900245553970_5489716459939482737_n.jpg?stp=dst-jpg_e15&efg=eyJ2ZW5jb2RlX3RhZyI6ImltYWdlX3VybGdlbi4xNDQweDE4MDAuc2RyIn0&_nc_ht=scontent-bos5-1.cdninstagram.com&_nc_cat=110&_nc_ohc=SOqxSzzeNM8AX9CyDS6&edm=ALQROFkAAAAA&ccb=7-5&ig_cache_key=MzI5MzYyMzI4Nzc2NTA1MjA0NQ%3D%3D.2-ccb7-5&oh=00_AfBLXVAC5kTpRZeyiz_PX-Ocnv00jno450E7HUzxL-eVBw&oe=65D51414&_nc_sid=fc8dfb,0.006666666666666667,0.0014814814814814814,superemoji_usa
58,Sip on the cuteness overload with our LYCHEE Slush featuring CRYSTAL Boba at @superemoji_usa. üßãü•πü•π,10,1,2024-01-31T04:55:19,https://scontent-bos5-1.cdninstagram.com/v/t39.30808-6/424632645_17988686417553970_8707666048908627339_n.jpg?stp=dst-jpg_e15&efg=eyJ2ZW5jb2RlX3RhZyI6ImltYWdlX3VybGdlbi4xNDQweDE3OTkuc2RyIn0&_nc_ht=scontent-bos5-1.cdninstagram.com&_nc_cat=110&_nc_ohc=V_8iUhvSu_IAX_hXtOR&edm=ALQROFkAAAAA&ccb=7-5&ig_cache_key=MzI5MjE2NzA3NTA2ODQ3OTQ5OA%3D%3D.2-ccb7-5&oh=00_AfAr4LRqPffcDl-gl6U2he62r5tzeQm1lpGXRUDzGKgXkQ&oe=65D5200F&_nc_sid=fc8dfb,0.007407407407407408,0.0007407407407407407,superemoji_usa
59,"Gratitude for showcasing our buckets of joy! Wishing everyone a fantastic weekend filled with happiness and delightful moments. üßãüßã #ThankYou #WeekendVibes @superemoji_usa 

üì∏ thank you @dimsumnails",13,2,2024-01-28T15:47:01,https://scontent-bos5-1.cdninstagram.com/v/t39.30808-6/422708746_17988417734553970_6263533813203697644_n.jpg?stp=dst-jpg_e15&efg=eyJ2ZW5jb2RlX3RhZyI6ImltYWdlX3VybGdlbi4xMzI3eDE2NTkuc2RyIn0&_nc_ht=scontent-bos5-1.cdninstagram.com&_nc_cat=110&_nc_ohc=-cvt06lIm_MAX9WI9_M&edm=ALQROFkAAAAA&ccb=7-5&ig_cache_key=MzI5MDMyMDc1NjYzMzQzOTU0NQ%3D%3D.2-ccb7-5&oh=00_AfCDeUjtSf3BkVxO3mHDJ-O5U-YXF0uVHIXYU7olicr74w&oe=65D5D83E&_nc_sid=fc8dfb,0.00962962962962963,0.0014814814814814814,superemoji_usa
60,"Giveaway Alert! üîî ZERO& wishes everyone a Happy Lunar New Year!

Thank you all for your support over the past year. As the Year of the Dragon approaches, we have prepared 2,000 Red Envelopes for you. Wishing you all the best in the Year of the Dragon, good health, and prosperity!

‚è∞Starting February 8th, for every purchase of 2 items at ZERO& stores, including any one of the following: ‚ÄúOrange Bliss Milk Tea,‚Äù ‚ÄúOrange Zest Green Tea,‚Äù or ‚ÄúStrawberry Red Velvet Mini Box Cake,‚Äù you will receive one free red envelope.
üßßEach red envelope contains a small surprise!
üìçParticipating stores: ZERO& locations in Northern California and Boston.

The Strawberry Red Velvet Mini Box Cake is Hanabi‚Äôs limited edition cake for the Spring Festival, available in limited quantities at each store. Get yours before they sell out! üéâ

Wishing everyone vitality and energy! We look forward to celebrating the New Year with you in person! üêâ",218,1,2024-02-08T17:51:32,https://scontent-bos5-1.cdninstagram.com/v/t39.30808-6/426154213_17998857779586901_7251855391034849264_n.jpg?stp=dst-jpg_e35_p1080x1080_sh0.08&_nc_ht=scontent-bos5-1.cdninstagram.com&_nc_cat=101&_nc_ohc=greKshU5O3YAX9kY46e&edm=APU89FAAAAAA&ccb=7-5&oh=00_AfD1KyH2d7gMDXBUc4glNx6nF4QOe2qo-_8YNY8awAyq6w&oe=65D5500C&_nc_sid=bc0c2c,0.014337389016770799,6.576783952647156e-05,0andco
61,"Bursting onto the Scene: Zero&‚Äôs new Pink Boba! üíóüßã
Elevate your drink experience with our newest topping! üå∏ These pink water chestnut boba pearls bring a surprising crunchy texture to every sip. Perfect for enhancing the freshness of our fruit drinks and complementing the rich tea flavors.

The combination of fresh, sweet, and crisp water chestnuts adds a unique twist to your favorite beverages. Try it today at Zero& stores and discover a whole new level of deliciousness!",304,12,2024-01-24T00:45:53,https://scontent-bos5-1.cdninstagram.com/v/t39.30808-6/421730949_17997001328586901_5287796748306991217_n.jpg?stp=dst-jpg_e15&efg=eyJ2ZW5jb2RlX3RhZyI6ImltYWdlX3VybGdlbi4xNDAweDgwMC5zZHIifQ&_nc_ht=scontent-bos5-1.cdninstagram.com&_nc_cat=101&_nc_ohc=E-Tho_iOW28AX9tKJCn&edm=ALQROFkAAAAA&ccb=7-5&ig_cache_key=MzI4Njk2ODA5NjgwNzM5NTU3OA%3D%3D.2-ccb7-5&oh=00_AfBwmDhdAubQ__Py-GnkFH6sH8H3X1UpehLQo7tJ-HUNSw&oe=65D64E64&_nc_sid=fc8dfb,0.019993423216047353,0.0007892140743176587,0andco
62,"Happy New Year 2024! We are incredibly thankful for everyone‚Äôs support over the past year! One question that has often come up is: why does ZERO& have a variety of new fruit tea products, but not a lot of milk tea? This is indeed related to our focus on innovation in the fruit tea category. However, we have always hoped to make a breakthrough in the traditinal milk tea category, offering something different from what‚Äôs available in the market. So, our R&D team dedicated a significant amount of time to explore and test various teas and alternative dairy options, and the entire development process took nearly half a year.

Finally, at the beginning of this new year, we are thrilled to share our brand-new ‚ÄúCoconut Light Milk Tea Series‚Äù with all of you!

Carefully selected high-quality tea base, paired with our healthy signature coconut milk, presents a more balanced fusion of tea and milk flavors. You no longer have to worry about the heaviness and excessive sweetness of traditional milk tea. Enjoy the refreshing coconut aroma and the pure tea essence, without concerns about lactose intoleranceüôå.

We will be launching two flavors initially:
üçëWhite Peach Coconut Light Milk Tea
üå±Osmanthus Coconut Light Milk Tea

In the next two months, we have even more new light milk tea products with unique tea flavors coming online. Stay tuned! üòä As we welcome the new year, we hope you join us in exploring the new experience of the ‚ÄúCoconut Light Milk Tea‚Äù series! üëä",11,2,2024-01-02T08:53:03,https://scontent-bos5-1.cdninstagram.com/v/t39.30808-6/414952114_17994261872586901_5298637129414718632_n.jpg?stp=dst-jpg_e15&efg=eyJ2ZW5jb2RlX3RhZyI6ImltYWdlX3VybGdlbi4xMzQyeDE2Nzguc2RyIn0&_nc_ht=scontent-bos5-1.cdninstagram.com&_nc_cat=101&_nc_ohc=C70QbjElp_wAX8J8q-d&edm=ALQROFkAAAAA&ccb=7-5&ig_cache_key=MzI3MTI2ODIzMDU2Mjk0NTM4NA%3D%3D.2-ccb7-5&oh=00_AfA1_NqATnX93kYiFc60uSRwGRDeFPBUsRRFApCieH8AGA&oe=65D6B35D&_nc_sid=fc8dfb,0.0007234462347911871,0.00013153567905294311,0andco
63,"Thanksgiving & Black Friday Hours at ZERO& üõçÔ∏èüßã

Dear ZERO& customers, this Thanksgiving, take the time to enjoy the feast and festivities, because most of our stores in North Cal and SoCal : Stoneridge, Livermore Outlets, Livermore Outlet Kiosk, Westfield SF, Polk, Fillmore, Stanford, Great Mall, Westfield Valley Fair, and Santa Rosa Place will be closed to do the same. ü¶ÉThe only stores open on 11/23 would be Hayes Valley(11am-4pm), Cupertino Village (11am-4pm), and Boston Newbury (11am-9pm)!

But get ready for the biggest shopping day of the year! On Black Friday, we'll be opening our doors wide:

üåü Stoneridge Mall, Livermore Outlets, Livermore Outlet Kiosk, Great Mall and Shops at Mission Viejo- will be open from 6 AM to 9 PM.
üåü Hayes - from 11:30 AM to 9 PM.
üåü Westfield SF - from 9 AM to 8 PM.
üåü Stanford - from 8 AM to 8 PM.
üåüCupertino - 12 PM to 8 PM.
üåüWestfield Valley Fair - 8AM to 9 PM
üåüSanta Rosa Plaza - 10 AM to 6 PM.
üåü South Cal (Ontario mills) - from 6 AM to 10 PM.
üåü Boston Newbury - from 11 AM to 9:30 PM.

SF Polk and Fillmore stores will remain closed both days to extend the holiday cheer!

Mark your calendars and make your lists. üìù We can't wait to see you there!

#Zero&Holiday #Thanksgiving #blackfriday",59,2,2023-11-23T10:11:22,https://scontent-bos5-1.cdninstagram.com/v/t39.30808-6/405518529_17988765323586901_3770916970269105779_n.jpg?stp=dst-jpg_e35_s1080x1080_sh0.08&_nc_ht=scontent-bos5-1.cdninstagram.com&_nc_cat=101&_nc_ohc=ikhe6JdJW7EAX_l2P_3&edm=APU89FAAAAAA&ccb=7-5&oh=00_AfAEkfK9oAjxGApy1vVXMAgzjcl4OdwefNe_hpviM7B9AA&oe=65D5F28B&_nc_sid=bc0c2c,0.0038803025320618217,0.00013153567905294311,0andco
64,"Say goodbye to the iconic Korean garlic bread and discover the delight of our Sweet Corn Garlic Bread! A savory classic bagel meets a rich blend of garlic confit, sweet corn kernels, and a creamy mix of cream cheese, parmesan, and garlic sauce. Topped with a trio of mozzarella, cheddar, and provolone cheese, and a touch of garlic butter, it's a cheesy, garlicky heaven in every bite! Available at ZERO& stores and Outset Coffee starting 11/17!!",136,1,2023-11-16T10:43:30,https://scontent-bos5-1.cdninstagram.com/v/t39.30808-6/399645801_17987789093586901_6539659122947707191_n.jpg?stp=dst-jpg_e15&efg=eyJ2ZW5jb2RlX3RhZyI6ImltYWdlX3VybGdlbi4xNDQweDE3OTkuc2RyIn0&_nc_ht=scontent-bos5-1.cdninstagram.com&_nc_cat=101&_nc_ohc=RH3xMdBK_vEAX8d-_Ej&edm=ALQROFkAAAAA&ccb=7-5&ig_cache_key=MzIzNzI1OTM2NjEzMzE1NjQ2Mw%3D%3D.2-ccb7-5&oh=00_AfCpTU0RN0nXw9jzJBeFlSDO6loyEyCfPrhJCLz0JP4fqg&oe=65D4FED3&_nc_sid=fc8dfb,0.008944426175600132,6.576783952647156e-05,0andco
65,"Thank you so much to all of our wonderful customers who braved the drizzly weather to attend our Boston store's grand opening! Due to the overwhelming volume of orders, we've had to temporarily shut down online orders and App-based orders for the day. This ensures that those waiting in line at the store get served as quickly as possible. We sincerely apologize for any inconvenience this may cause and hope for your understanding. Once again, a huge thanks to our East Coast supporters for your warmth and enthusiasm. Please stay warm and take care to avoid catching a cold!ü§çüñ§",193,6,2023-10-29T17:54:16,https://scontent-bos5-1.cdninstagram.com/v/t39.30808-6/397050639_17985136193586901_4734202769922258568_n.jpg?stp=dst-jpg_e15&efg=eyJ2ZW5jb2RlX3RhZyI6ImltYWdlX3VybGdlbi4xMTIweDgzOS5zZHIifQ&_nc_ht=scontent-bos5-1.cdninstagram.com&_nc_cat=101&_nc_ohc=Eemb7g6oyBgAX_tmF-b&edm=ALQROFkAAAAA&ccb=7-5&ig_cache_key=MzIyNDQzMDIwODMzMzc4Mjk5Mg%3D%3D.2-ccb7-5&oh=00_AfDufimBILHX4OiVHxLZaeW2-K7QjyVgftAemmvzS-87HA&oe=65D5CDB4&_nc_sid=fc8dfb,0.01269319302860901,0.00039460703715882934,0andco
66,"Dive into the spooky season with our latest Blood Type 0& Halloween Special! If you haven't experienced it yet, you're in for a treat. Dare to try?ü©∏üëª",79,2,2023-10-28T04:00:38,https://scontent-bos5-1.cdninstagram.com/v/t39.30808-6/395362434_17984901839586901_6125690277690413483_n.jpg?stp=dst-jpg_e35_p1080x1080_sh0.08&_nc_ht=scontent-bos5-1.cdninstagram.com&_nc_cat=101&_nc_ohc=g-pRbTtNynIAX9bRr90&edm=APU89FAAAAAA&ccb=7-5&oh=00_AfDyIS65jNImTRLsknY0sUlhif1vOwvzJkidFuC2gWSU8A&oe=65D57ECD&_nc_sid=bc0c2c,0.005195659322591253,0.00013153567905294311,0andco
67,"üéÉ Unveiling our eeriest brew yet: Blood Type 0&! ü©∏ Dare to sip? Now haunting all Zero& stores, including Boston and SoCal #spookysips",129,7,2023-10-26T18:56:16,https://scontent-bos5-1.cdninstagram.com/v/t39.30808-6/395791396_17984720498586901_390092908286553742_n.jpg?stp=dst-jpg_e35_p1080x1080_sh0.08&_nc_ht=scontent-bos5-1.cdninstagram.com&_nc_cat=101&_nc_ohc=j2Q6kelZeS8AX9YOoEq&edm=APU89FAAAAAA&ccb=7-5&oh=00_AfBNVyxmW0rn3aSDEwKSo0-v9RHGzsplhljSPcsZHmAXBQ&oe=65D5838E&_nc_sid=bc0c2c,0.00848405129891483,0.0004603748766853009,0andco
68,"üéâ Boston's Newbury St. just got sweeter! Join us on 10/29 for New zero&'s Grand Opening üßãüçµ. Dive into our BOGO FREE special on a specific drink, from 11am-9pm at 222A Newbury St, Boston, MA. 
üèÜHere is a Boston Exclusive Giveaway: Follow us for a chance to win! We're drawing 3 lucky winners on the night of the 29th:
ü•á First Place: $50 ZERO& gift card
ü•à Second Place: $30 ZERO& gift card
ü•â Third Place: $20 ZERO& gift card

Your next favorite sip (and treat) awaits!ü§©

Terms & Conditions:

Gift cards redeemable at our Boston store only.
Winners will be notified via DM and must claim their prize within 48 hours.
Entries valid until 9pm EST on 10/29.
By entering, participants confirm they are 18+ years of age.
This promotion is in no way sponsored, endorsed, or administered by, or associated with, Instagram.",301,62,2023-10-24T17:11:43,https://scontent-bos5-1.cdninstagram.com/v/t39.30808-6/395712726_17984423600586901_8513228452298808577_n.jpg?stp=dst-jpg_e35_p1080x1080_sh0.08&_nc_ht=scontent-bos5-1.cdninstagram.com&_nc_cat=101&_nc_ohc=jgbUUumaqBoAX9XhJe6&edm=APU89FAAAAAA&ccb=7-5&oh=00_AfCDslb6M_ESX0dhgBsFyLX0jZH9kEkmasxwBZnhRi5l1Q&oe=65D5131E&_nc_sid=bc0c2c,0.01979611969746794,0.004077606050641236,0andco
69,"ZERO& takes Boston! üéâ  Join us at our brand-new store located at 222A Newbury St, Boston, MA. Dive into intricate designs and fresh fruit teasüßã. We will also be serving bakeries and cakes from @enjoy_hanabi üç∞

üìç Soft Opening Date: Oct 22nd, Sunday
üïê Sunday-Thursday: 11am-9pm, Friday-Saturdays: 11am-9:30pm

Swing by this Sunday, Oct 22nd for our soft opening events, participate in lucky draw for a chance to win free drinks and more! ü§©Here's to a new chapter in Boston and unforgettable tea moments! See you there. ü•Çüßã

#ZeroAndBoston #TeaTimeAtEast #SeeYouThere""",279,7,2023-10-20T21:22:28,https://scontent-bos5-1.cdninstagram.com/v/t39.30808-6/394353879_17983831754586901_5081824609721904961_n.jpg?stp=dst-jpg_e35_p1080x1080_sh0.08&_nc_ht=scontent-bos5-1.cdninstagram.com&_nc_cat=101&_nc_ohc=uo92lSt1QqcAX_fVaqU&edm=APU89FAAAAAA&ccb=7-5&oh=00_AfB8zMDKlq4GwVDVOd9ArK1qHKDre9DYTiC1aTYQjdLy6w&oe=65D65842&_nc_sid=bc0c2c,0.018349227227885564,0.0004603748766853009,0andco
